treatment,ate,cate_mean,cate_std
full_policy_context,-1.3037199124361472,-1.3037199124361465,0.20706470622555775
current_inflation,-1.018002352529464,-1.018002352529464,0.26054795559188465
media_narrative,-0.42650089345370684,-0.42650089345370684,0.14137594491650904
policy_rate_decision,-0.495278524028468,-0.495278524028468,0.20329705098368273
inflation_target,-0.9497650532197384,-0.9497650532197381,0.17342278089297106
