treatment,ate,cate_mean,cate_std
full_policy_context,-1.3238413265528273,-1.3238413265528273,0.35006866732006264
current_inflation,-1.0364797716917946,-1.0364797716917946,0.3141774388160361
media_narrative,-0.4553908268742445,-0.4553908268742445,0.14799922493172485
policy_rate_decision,-0.5075257355823726,-0.5075257355823726,0.2159979598044447
inflation_target,-0.9980728102569811,-0.9980728102569811,0.3959204941155938
